qEngineTime, JenaTime
95.897516388,82.788887113
